sku,name,strength,form,category,price_usd,unit,listed_on_site,short_description,description,scientific_name,molecular_weight,formula,sequence,appearance,storage,research_notes,image_primary,image_secondary,components,wix_product_type,ruo_disclaimer
RETA-30,Reta (GLP-3 RT),30 mg,Lyophilized research peptide,Incretin-pathway research,120,vial,yes,"Research-grade Reta / GLP-3 RT, 30 mg, for laboratory investigation of multi-agonist incretin pathway models.","Reta (GLP-3 RT) 30 mg is a research-grade lyophilized peptide for qualified laboratory use only. Not FDA approved. Not a drug or compounded medication. Not for human or veterinary use, diagnosis, treatment, cure, or prevention of any disease.",Reta / GLP-3 RT (research designation),Multi-agonist research peptide (batch-dependent),See product labeling / research documentation,Available to qualified research accounts on request,White to off-white lyophilized solid (typical),"Store frozen, protected from light and moisture. Laboratory handling only.",Research grade only. Not FDA approved for any indication or use.,images/products/glp3-rt-light.jpeg,images/products/glp3-rt-dark.jpeg,,Physical,"Research Use Only. Not for human or veterinary use. Not FDA approved. Not a drug, supplement, or compounded medication."
RETA-20,Reta (GLP-3 RT),20 mg,Lyophilized research peptide,Incretin-pathway research,100,vial,yes,"Research-grade Reta / GLP-3 RT, 20 mg, for laboratory investigation of multi-agonist incretin pathway models.","Reta (GLP-3 RT) 20 mg is a research-grade lyophilized peptide for qualified laboratory use only. Not FDA approved. Not a drug or compounded medication. Not for human or veterinary use, diagnosis, treatment, cure, or prevention of any disease.",Reta / GLP-3 RT (research designation),Multi-agonist research peptide (batch-dependent),See product labeling / research documentation,Available to qualified research accounts on request,White to off-white lyophilized solid (typical),"Store frozen, protected from light and moisture. Laboratory handling only.",Research grade only. Not FDA approved for any indication or use.,images/products/glp3-rt-light.jpeg,images/products/glp3-rt-dark.jpeg,,Physical,"Research Use Only. Not for human or veterinary use. Not FDA approved. Not a drug, supplement, or compounded medication."
GLP2-TR-40,GLP-2 TR,40 mg,Lyophilized research peptide,Incretin-pathway research,100,vial,yes,"Research-grade dual GIP / GLP-1 receptor agonist peptide, 40 mg per vial, for laboratory research only.","GLP-2 TR 40 mg is research-grade lyophilized material for non-clinical laboratory investigation of dual glucose-dependent insulinotropic polypeptide (GIP) and glucagon-like peptide-1 (GLP-1) receptor pathway models. Not FDA approved. Not for human consumption, clinical administration, or compounding into patient medications.",Dual GIP / GLP-1 receptor agonist research peptide (39-amino-acid synthetic peptide),4813.45 g·mol⁻¹,C₂₂₅H₃₄₈N₄₈O₆₈,Tyr-Aib-Glu-Gly-Thr-Phe-Thr-Ser-Asp-Tyr-Ser-Ile-Aib-Leu-Asp-Lys-Ile-Ala-Gln-Lys-Ala-Phe-Val-Gln-Trp-Leu-Ile-Ala-Gly-Gly-Pro-Ser-Ser-Gly-Ala-Pro-Pro-Pro-Ser-NH₂ (C20 fatty-diacid acylation on Lys side chain as described for this dual-agonist research structure),White to off-white lyophilized solid (typical),"Frozen, dry, protected from light. Laboratory controls only.",Catalog name GLP-2 TR denotes this research SKU only. Research grade. Not FDA approved for any use. Not for human or veterinary use.,images/products/tirz-light.jpeg,images/products/tirz-dark.jpeg,,Physical,"Research Use Only. Not for human or veterinary use. Not FDA approved. Not a drug, supplement, or compounded medication."
BPC-157-10,BPC-157,10 mg,Lyophilized research peptide,Synthetic peptide research,40,vial,yes,"Research-grade synthetic pentadecapeptide (BPC-157), 10 mg.",BPC-157 is a research-grade synthetic peptide for lawful laboratory research only. Not FDA approved. Not intended for human or animal clinical use. No therapeutic claims are made.,BPC-157 (GEPPPGKPADDAGLV; research pentadecapeptide),1419.5 g·mol⁻¹ (typical),C₆₂H₉₈N₁₆O₂₂ (typical),Gly-Glu-Pro-Pro-Pro-Gly-Lys-Pro-Ala-Asp-Asp-Ala-Gly-Leu-Val (GEPPPGKPADDAGLV),White to off-white lyophilized powder (typical),−20 °C recommended for lyophilizate; protect from moisture and light.,Research grade only. Not FDA approved.,images/products/bpc-157-light.jpeg,images/products/bpc-157-dark.jpeg,,Physical,"Research Use Only. Not for human or veterinary use. Not FDA approved. Not a drug, supplement, or compounded medication."
TESA-10,Tesamorelin,10 mg,Lyophilized research peptide,GHRH-analogue research,70,vial,yes,"Research-grade Tesamorelin, 10 mg lyophilized, for laboratory research only.","Tesamorelin 10 mg is a research-grade lyophilized peptide for qualified laboratory use only. Not FDA approved. Not a drug or compounded medication. Not for human or veterinary use, diagnosis, treatment, cure, or prevention of any disease.",Tesamorelin (GHRH analogue research peptide),Batch-defined research material,See research documentation / product labeling,Available to qualified research accounts on request,White to off-white lyophilized solid (typical),"Store frozen, protected from light and moisture. Laboratory handling only.",Research grade only. Not FDA approved for any indication or use. Batch ERP71726 per COA.,images/products/tesamorelin-10-light.jpeg,images/products/tesamorelin-10-dark.jpeg,,Physical,"Research Use Only. Not for human or veterinary use. Not FDA approved. Not a drug, supplement, or compounded medication."
IPA-10,Ipamorelin,10 mg,Lyophilized research peptide,GHS pathway research,50,vial,yes,"Research-grade Ipamorelin, 10 mg lyophilized, for laboratory research only.","Ipamorelin 10 mg is a research-grade lyophilized peptide for qualified laboratory investigation of ghrelin-mimetic / growth-hormone secretagogue (GHS) pathway models. Not FDA approved. Not a drug or compounded medication. Not for human or veterinary use, diagnosis, treatment, cure, or prevention of any disease.",Ipamorelin (Aib-His-D-2-Nal-D-Phe-Lys-NH₂),~711.9 g·mol⁻¹ (typical),See research documentation / product labeling,Aib-His-D-2-Nal-D-Phe-Lys-NH₂ (typical),White to off-white lyophilized solid (typical),"Store frozen, protected from light and moisture. Laboratory handling only.",Research grade only. Not FDA approved for any indication or use.,images/products/ipamorelin-10-light.jpeg,images/products/ipamorelin-10-dark.jpeg,,Physical,"Research Use Only. Not for human or veterinary use. Not FDA approved. Not a drug, supplement, or compounded medication."
TB-500-10,TB-500,10 mg,Lyophilized research peptide,Synthetic peptide research,60,vial,yes,"Research-grade TB-500 peptide, 10 mg, for non-clinical laboratory research.",TB-500 is research-grade material for laboratory use only. Not FDA approved. Not for human or veterinary use.,TB-500 (thymosin β4–related research peptide),Batch-defined research material,See research documentation,See research documentation for this SKU,Lyophilized solid,"Store frozen, dry, protected from light.",Research grade only. Not FDA approved.,images/products/tb500-light.jpeg,images/products/tb500-dark.jpeg,,Physical,"Research Use Only. Not for human or veterinary use. Not FDA approved. Not a drug, supplement, or compounded medication."
KLOW-80,KLOW Blend,80 mg total,Lyophilized multi-peptide research blend,Research blends,80,vial,yes,"Research-grade 80 mg blend: 50 mg GHK-Cu, 10 mg TB-500, 10 mg BPC-157, 10 mg KPV.","KLOW is a research-grade multi-component lyophilized blend (80 mg total). Label composition: GHK-Cu 50 mg, TB-500 10 mg, BPC-157 10 mg, KPV 10 mg. Not FDA approved. Not for human or veterinary use. Not a 503A/503B compounded drug.",KLOW multi-peptide research blend,Component-specific (see blend breakdown),Multi-component blend,See individual components,Lyophilized solid (color may reflect copper-peptide component),"Frozen, dry, protected from light.",Research grade blend only. Not FDA approved.,images/products/klow-light.jpeg,images/products/klow-dark.jpeg,,Physical,"Research Use Only. Not for human or veterinary use. Not FDA approved. Not a drug, supplement, or compounded medication."
KPV-10,KPV,10 mg,Lyophilized research peptide,Synthetic peptide research,50,vial,yes,"Research-grade KPV tripeptide, 10 mg.",KPV (Lys-Pro-Val) is a research-grade synthetic tripeptide for laboratory use only. Not FDA approved. Not for human or veterinary administration or consumption.,KPV (L-lysyl-L-prolyl-L-valine),342.4 g·mol⁻¹ (typical),C₁₆H₃₀N₄O₄ (typical),Lys-Pro-Val (KPV),Lyophilized solid,"Frozen, dry, protected from light.",Research grade only. Not FDA approved.,images/products/kpv-10.svg,,,Physical,"Research Use Only. Not for human or veterinary use. Not FDA approved. Not a drug, supplement, or compounded medication."
GHK-CU-100,GHK-Cu,100 mg,Lyophilized research copper peptide,Copper peptide research,40,vial,yes,"Research-grade GHK-Cu copper tripeptide, 100 mg.",Glycyl-L-histidyl-L-lysine copper complex (GHK-Cu) is research-grade material for laboratory use only. Not FDA approved. Not for human or veterinary use.,GHK-Cu (glycyl-L-histidyl-L-lysine copper complex),Peptide ~340.4 g·mol⁻¹; Cu complex ~403.9 g·mol⁻¹ (typical),C₁₄H₂₄N₆O₄ · Cu (typical complex representation),Gly-His-Lys (GHK) complexed with copper(II),Blue to blue-green lyophilized solid (typical for Cu peptide),"Frozen, dry, protected from light.",Research grade only. Not FDA approved.,images/products/ghk-cu-light.jpeg,images/products/ghk-cu-dark.jpeg,,Physical,"Research Use Only. Not for human or veterinary use. Not FDA approved. Not a drug, supplement, or compounded medication."
SS-31-10,SS-31,10 mg,Lyophilized research peptide,Mitochondrial peptide research,40,vial,yes,"Research-grade SS-31 (elamipretide-class) peptide, 10 mg, laboratory use only.","SS-31 is a research-grade synthetic peptide for non-clinical laboratory investigation of mitochondrial membrane models. Not FDA approved. Not for human or veterinary use, diagnosis, treatment, cure, or prevention of any disease.",SS-31 (mitochondria-targeted research peptide),Batch-defined research material,See research documentation,Available to qualified research accounts on request,Lyophilized solid (typical),"Frozen, dry, protected from light.",Research grade only. Not FDA approved.,images/products/ss-31-10.svg,,,Physical,"Research Use Only. Not for human or veterinary use. Not FDA approved. Not a drug, supplement, or compounded medication."
CJC-IPA-20,CJC-1295 (No DAC) + Ipamorelin,10 mg + 10 mg (20 mg total),Lyophilized dual-peptide research vial,GHRH / GHS pathway research,100,vial,yes,Research-grade dual vial: CJC-1295 (No DAC) 10 mg + Ipamorelin 10 mg.,Research-grade dual-fill vial for laboratory study of GHRH-analogue and ghrelin-mimetic pathway models. Not FDA approved. Not for human or veterinary use.,"CJC-1295 (modGRF 1-29, no DAC) + Ipamorelin",CJC-1295 no DAC ~3367.9 g·mol⁻¹ (typical); Ipamorelin ~711.9 g·mol⁻¹ (typical),See component research documentation,CJC-1295 (No DAC): modified GRF(1-29) analogue without Drug Affinity Complex. Ipamorelin: Aib-His-D-2-Nal-D-Phe-Lys-NH₂ (typical).,Lyophilized solid,"Frozen, dry, protected from light.",Research grade only. Not FDA approved.,images/products/cjc-ipa-light.jpeg,images/products/cjc-ipa-dark.jpeg,,Physical,"Research Use Only. Not for human or veterinary use. Not FDA approved. Not a drug, supplement, or compounded medication."
MOTSC-40,MOTS-c,40 mg,Lyophilized research peptide,Mitochondrial peptide research,75,vial,yes,"Research-grade MOTS-c mitochondrial peptide, 40 mg.",MOTS-c is a research-grade mitochondrial open reading frame–encoded peptide for non-clinical laboratory research. Not FDA approved. Not for human or veterinary use.,MOTS-c (mitochondrial ORF-derived peptide),~2174.6 g·mol⁻¹ (typical),See research documentation,MRWQEMGYIFYPRKLR (typical human MOTS-c sequence),Lyophilized solid,"Frozen, dry, protected from light.",Research grade only. Not FDA approved.,images/products/motsc-light.jpeg,images/products/motsc-dark.jpeg,,Physical,"Research Use Only. Not for human or veterinary use. Not FDA approved. Not a drug, supplement, or compounded medication."
NAD-1000,NAD+,1000 mg,Research chemical (β-nicotinamide adenine dinucleotide),Cofactor / nucleotide research,80,vial,yes,"Research-grade NAD+, 1000 mg, laboratory biochemical only.","Nicotinamide adenine dinucleotide (NAD+, oxidized form) is research-grade laboratory material. Not FDA approved as a drug or supplement. Not for human injection, infusion, or dietary use.","β-Nicotinamide adenine dinucleotide (oxidized), NAD+",663.43 g·mol⁻¹,C₂₁H₂₆N₇O₁₄P₂,N/A (dinucleotide cofactor),White to yellowish solid or lyophilized material (lot-dependent),"Store cold, dry, protected from light and moisture.",Research grade only. Not FDA approved. Handle under institutional chemical hygiene plans.,images/products/nad-light.jpeg,images/products/nad-dark.jpeg,,Physical,"Research Use Only. Not for human or veterinary use. Not FDA approved. Not a drug, supplement, or compounded medication."
WOLVERINE,Wolverine Stack,Stack,Multi-vial research stack,Stacks,100,stack,yes,Research stack: BPC-157 10 mg + TB-500 10 mg.,Wolverine is a research-grade stack pairing BPC-157 (10 mg) and TB-500 (10 mg) for laboratory programs. Not FDA approved. Not for human or veterinary use. Not a compounded drug product.,BPC-157 + TB-500 research stack,See BPC-157 and TB-500 component specs,Multi-vial stack,See components,Research vials as packed,"Frozen, dry, protected from light.",Research grade stack only. Not FDA approved.,images/products/wolverine-light.jpeg,images/products/bpc-157-light.jpeg,,Physical,"Research Use Only. Not for human or veterinary use. Not FDA approved. Not a drug, supplement, or compounded medication."
NAD-GHK,NAD+ + GHK-Cu Bundle,1000 mg + 100 mg,Multi-vial research bundle,Bundles,120,bundle,yes,Research bundle: NAD+ 1000 mg + GHK-Cu 100 mg.,Paired research-grade materials: NAD+ (1000 mg) and GHK-Cu (100 mg) for laboratory use only. Not FDA approved. Not for human or veterinary use.,NAD+ + GHK-Cu research bundle,NAD+ 663.43 g·mol⁻¹; GHK-Cu complex ~403.9 g·mol⁻¹ (typical),Multi-vial bundle,See components,Research vials as packed,Cold/dry per component storage guidance.,Research grade bundle only. Not FDA approved.,images/products/nad-light.jpeg,images/products/nad-dark.jpeg,,Physical,"Research Use Only. Not for human or veterinary use. Not FDA approved. Not a drug, supplement, or compounded medication."
RETA-KLOW,Reta + KLOW Bundle,30 mg + 80 mg,Multi-vial research bundle,Bundles,200,bundle,yes,Research bundle: Reta (GLP-3 RT) 30 mg + KLOW blend 80 mg.,"Research-grade bundle pairing Reta / GLP-3 RT (30 mg) with KLOW (80 mg total: GHK-Cu 50 mg, TB-500 10 mg, BPC-157 10 mg, KPV 10 mg). Not FDA approved. Not for human or veterinary use.",Reta (GLP-3 RT) + KLOW research bundle,See component specs,Multi-vial bundle,See components,Research vials as packed,"Frozen, dry, protected from light.",Research grade bundle only. Not FDA approved.,images/products/reta-klow.jpeg,images/products/klow-light.jpeg,,Physical,"Research Use Only. Not for human or veterinary use. Not FDA approved. Not a drug, supplement, or compounded medication."